Column,RMSE,MAE,R2,Err,Model
npval_50971,0.3234804892565484,0.2568968014158516,0.5162442302481582,0,XGB
npval_50983,1.0325339079868472,0.6670945984567506,0.9223819208230483,0,XGB
npval_50902,1.0769135531111187,0.700780124099227,0.949140768469331,0,XGB
npval_50971,0.2662561879293978,0.20645943983032342,0.6722600411358588,0,MAE
npval_50983,0.8761379793460728,0.48079471596317297,0.9441144847501013,0,MAE
npval_50902,0.8783182767818731,0.5051087239823561,0.9661692248638472,0,MAE
